{
  "carvers": {
    "air": [
      "minecraft:cave",
      "minecraft:cave_extra_underground",
      "minecraft:canyon"
    ]
  },
  "downfall": 0.0,
  "effects": {
    "fog_color": 16764435,
    "mood_sound": {
      "block_search_extent": 8,
      "offset": 2.0,
      "sound": "minecraft:ambient.cave",
      "tick_delay": 6000
    },
    "sky_color": 16764435,
    "water_color": 4159204,
    "water_fog_color": 329011
  },
  "features": [
    [],
    [],
    [],
    [],
    [],
    [],
    [
      "ad_astra:moon_cheese_ore"
    ],
    []
  ],
  "has_precipitation": false,
  "spawn_costs": {
    "minecraft:zombie": {
      "charge": 0.2,
      "energy_budget": 0.015
    },
    "minecraft:slime": {
      "charge": 0.4,
      "energy_budget": 0.015
    }
  },
  "spawners": {
    "ambient": [],
    "axolotls": [],
    "creature": [],
    "misc": [],
    "monster": [
      {
        "type": "minecraft:zombie",
        "maxCount": 3,
        "minCount": 1,
        "weight": 100
      },
      {
        "type": "minecraft:slime",
        "maxCount": 3,
        "minCount": 1,
        "weight": 100
      }
    ],
    "underground_water_creature": [],
    "water_ambient": [],
    "water_creature": []
  },
  "temperature": 0.7
}